Game Matchup,Implied Home Odds,Implied Away Odds,Implied Draw Odds,Home Odds,Away Odds,Draw Odds,Home Win Edge,Away Win Edge,Draw Edge,Projected Home Goals,Projected Away Goals,Total Projected Goals,Home Win Probability,Away Win Probability,Draw Probability
Bayer Leverkusen vs. Hoffenheim,1.22,16.0,8.71,1.22,10.0,7.25,0.0,-0.38,-0.17,3.0402357578463053,0.7563528507363837,3.796588608582689,82.27%,6.25%,11.48%
Bayern Munich vs. Borussia Dortmund,1.3,10.3,7.59,1.43,5.75,5.6,0.1,-0.44,-0.26,3.162120498960842,1.082340123179967,4.244460622140808,77.12%,9.71%,13.17%
Borussia M.Gladbach vs. Freiburg,1.87,4.28,4.32,2.25,2.95,3.7,0.2,-0.31,-0.14,1.8460704219672237,1.1449265956475698,2.9909970176147933,53.51%,23.35%,23.14%
Eintracht Frankfurt vs. Union Berlin,1.85,4.72,4.03,2.05,3.75,3.45,0.11,-0.21,-0.14,1.6598140810557804,0.9393885838741628,2.599202664929943,54.04%,21.17%,24.79%
RasenBallsport Leipzig vs. Mainz 05,1.35,9.25,6.52,1.4,7.0,5.2,0.03,-0.24,-0.2,2.605244304529705,0.9021390819009599,3.5073833864306647,73.85%,10.81%,15.34%
Werder Bremen vs. Wolfsburg,2.56,3.12,3.47,2.6,2.55,3.6,0.02,-0.18,0.04,1.2137869987082246,1.0463564027920136,2.260143401500238,39.13%,32.08%,28.79%
Augsburg vs. FC Cologne,1.81,4.41,4.52,1.74,4.5,4.0,-0.04,0.02,-0.11,1.9452617437801722,1.195501683324836,3.140763427105008,55.17%,22.69%,22.14%
Bochum vs. Darmstadt,1.34,9.94,6.62,1.67,4.7,4.2,0.25,-0.53,-0.37,2.6173363481712233,0.8624317365671127,3.479768084738336,74.84%,10.06%,15.10%
VfB Stuttgart vs. FC Heidenheim,1.16,19.96,11.07,1.29,8.75,6.0,0.11,-0.56,-0.46,3.325825272897724,0.7587719931198467,4.084597266017571,85.96%,5.01%,9.03%
